"barcode","gene","method"
NA,"SPCC24B10.17","manual"
NA,"SPAC3A11.08","manual"
NA,"SPBC32F12.01c","manual"
NA,"SPCC830.10","manual"
NA,"SPBC1347.06c","manual"
NA,"SPBC21C3.16c","manual"
NA,"SPCC24B10.12","manual"
NA,"SPBC354.15","manual"
NA,"SPBC582.10c","manual"
NA,"SPBPB10D8.04c","manual"
NA,"SPBC21C3.13","manual"
NA,"SPAC1783.05","manual"
NA,"SPBC16G5.05c","manual"
NA,"SPBP35G2.10","manual"
NA,"SPBC18H10.04c","manual"
NA,"SPCC4G3.02","manual"
NA,"SPAC23A1.16c","manual"
NA,"SPAC23H4.14","manual"
NA,"SPAC23D3.13c","manual"
NA,"SPBC337.08c","manual"
NA,"SPAC4F10.18","manual"
NA,"SPCC1739.05","manual"
NA,"SPAC22H12.02","manual"
NA,"SPCC132.02","manual"
NA,"SPBC1709.12","manual"
NA,"SPAC6B12.08","manual"
NA,"SPAC14C4.03","manual"
NA,"SPCC1739.12","manual"
NA,"SPAC23D3.11","manual"
NA,"SPCC622.18","manual"
NA,"SPAC3A11.05c","manual"
NA,"SPAC23G3.12c","manual"
NA,"SPBC56F2.02","manual"
NA,"SPAC11E3.08c","manual"
NA,"SPAC1002.03c","manual"
NA,"SPBC530.13","manual"
NA,"SPBC30D10.13c","manual"
NA,"SPBC6B1.06c","manual"
NA,"SPAC25B8.10","manual"
NA,"SPAC3H8.05c","manual"
NA,"SPAC19G12.16c","manual"
NA,"SPAC56E4.07","manual"
NA,"SPAC13F5.07c","manual"
NA,"SPBC3H7.10","manual"
NA,"SPCC553.08c","manual"
NA,"SPCC622.12c","manual"
NA,"SPAC19G12.11","manual"
NA,"SPAC27E2.02","manual"
NA,"SPAC227.07c","manual"
NA,"SPAC1556.05c","manual"
NA,"SPAC9E9.14","manual"
NA,"SPCC569.02c","manual"
NA,"SPBC21B10.04c","manual"
NA,"SPAC589.12","manual"
NA,"SPAC4F10.06","manual"
NA,"SPAC31G5.21","manual"
NA,"SPAC13G6.08","manual"
NA,"SPAC12G12.16c","manual"
NA,"SPBC83.17","manual"
NA,"SPBC83.11","manual"
NA,"SPAC17C9.09c","manual"
NA,"SPBC21.03c","manual"
NA,"SPBC4F6.09","manual"
NA,"SPAC1805.05","manual"
NA,"SPAC212.03","manual"
NA,"SPCC4B3.06c","manual"
NA,"SPAC23A1.19c","manual"
NA,"SPBC1711.01c","manual"
NA,"SPAPB2B4.07","manual"
NA,"SPAC227.18","manual"
NA,"SPBC25H2.11c","manual"
NA,"SPCC1393.03","manual"
NA,"SPAC23C4.16c","manual"
NA,"SPCC2H8.05c","manual"
NA,"SPBC1706.01","manual"
NA,"SPCC1620.02","manual"
NA,"SPBC685.07c","manual"
NA,"SPBC14F5.12c","manual"
NA,"SPBP8B7.08c","manual"
NA,"SPBP4H10.14c","manual"
NA,"SPAC5H10.04","manual"
NA,"SPAC19G12.12","manual"
NA,"SPAC15F9.02","manual"
NA,"SPBC8D2.18c","manual"
NA,"SPAC869.11","manual"
NA,"SPBC1709.10c","manual"
NA,"SPBC19C2.06c","manual"
NA,"SPAC3F10.17","manual"
NA,"SPBP35G2.14","manual"
NA,"SPBC14F5.03c","manual"
NA,"SPAC750.05c","manual"
NA,"SPAC1565.01","manual"
NA,"SPBC336.06c","manual"
NA,"SPBP4H10.04","manual"
NA,"SPBC30B4.04c","manual"
NA,"SPCC320.07c","manual"
NA,"SPCC162.06c","manual"
NA,"SPAC56F8.16","manual"
NA,"SPAC1327.01c","manual"
NA,"SPCC14G10.03c","manual"
NA,"SPAC343.12","manual"
NA,"SPCC548.06c","manual"
NA,"SPAC1039.08","manual"
NA,"SPCC1739.03","manual"
NA,"SPBC1685.07c","manual"
NA,"SPBC1348.01","manual"
NA,"SPAC13G6.04","manual"
NA,"SPCC191.06","manual"
NA,"SPCC1259.01c","manual"
NA,"SPBC28E12.04","manual"
NA,"SPAC8C9.03","manual"
NA,"SPAC19B12.12c","manual"
NA,"SPBPB2B2.19c","manual"
NA,"SPCP1E11.04c","manual"
NA,"SPBC365.13c","manual"
NA,"SPCC31H12.08c","manual"
NA,"SPAC1B3.17","manual"
NA,"SPAC6F6.12","manual"
NA,"SPBC29A3.18","manual"
NA,"SPAC23C4.11","manual"
NA,"SPCC5E4.07","manual"
NA,"SPAC25B8.06c","manual"
NA,"SPAC4F10.05c","manual"
NA,"SPAPB1A11.01","manual"
NA,"SPAC2F3.16","manual"
NA,"SPCC4E9.02","manual"
NA,"SPAC31G5.17c","manual"
NA,"SPCC594.01","manual"
NA,"SPBC776.17","manual"
NA,"SPBC651.09c","manual"
NA,"SPBC887.11","manual"
NA,"SPCC23B6.02c","manual"
NA,"SPBC530.10c","manual"
NA,"SPAC2F7.11","manual"
NA,"SPCC24B10.19c","manual"
NA,"SPBC1703.07","manual"
NA,"SPBC1685.02c","manual"
NA,"SPBC582.04c","manual"
NA,"SPCC584.16c","manual"
NA,"SPAC652.01","manual"
NA,"SPCC594.07c","manual"
NA,"SPBC4B4.04","manual"
NA,"SPAC31F12.01","manual"
NA,"SPAC24C9.02c","manual"
NA,"SPBC1652.01","manual"
NA,"SPBC15C4.04c","manual"
NA,"SPBC1778.01c","manual"
NA,"SPBC887.02","manual"
NA,"SPBC409.20c","manual"
NA,"SPAC212.04c","manual"
NA,"SPBC36B7.03","manual"
NA,"SPBC19G7.18c","manual"
NA,"SPAC18B11.07c","manual"
NA,"SPBC30B4.08","manual"
NA,"SPBC1D7.04","manual"
NA,"SPAC17H9.13c","manual"
NA,"SPBC29A3.02c","manual"
NA,"SPAC7D4.08","manual"
NA,"SPBC418.01c","manual"
NA,"SPAC8F11.08c","manual"
NA,"SPBC29B5.01","manual"
NA,"SPAP27G11.07c","manual"
NA,"SPBCPT2R1.03","manual"
NA,"SPCC1259.14c","manual"
NA,"SPBC887.18c","manual"
NA,"SPAC31A2.16","manual"
NA,"SPBC24C6.08c","manual"
NA,"SPCC16C4.12","manual"
NA,"SPCC162.12","manual"
NA,"SPAC26F1.02","manual"
NA,"SPBC1778.02","manual"
NA,"SPBC21D10.12","manual"
NA,"SPCPJ732.01","manual"
NA,"SPCC794.12c","manual"
NA,"SPBC29A3.14c","manual"
NA,"SPCC622.11","manual"
NA,"SPCC338.05c","manual"
NA,"SPAC23G3.03","manual"
NA,"SPAC9.12c","manual"
NA,"SPCC18.02","manual"
NA,"SPCC24B10.04","manual"
NA,"SPBC3F6.05","manual"
NA,"SPCC663.11","manual"
NA,"SPBC3E7.15c","manual"
NA,"SPCC663.13c","manual"
NA,"SPBPB10D8.07c","manual"
NA,"SPAC13G7.06","manual"
NA,"SPAC110.02","manual"
NA,"SPBC56F2.01","manual"
NA,"SPAC11E3.05","manual"
NA,"SPAC750.06c","manual"
NA,"SPAC1805.10","manual"
NA,"SPBC16H5.06","manual"
NA,"SPBP8B7.21","manual"
NA,"SPBC17G9.02c","manual"
NA,"SPBC56F2.04","manual"
NA,"SPAC17G8.07","manual"
NA,"SPAC18G6.09c","manual"
NA,"SPAC15E1.04","manual"
NA,"SPBC16D10.05","manual"
NA,"SPBC20F10.10","manual"
NA,"SPAC3H1.10","manual"
NA,"SPCC970.07c","manual"
NA,"SPAC343.15","manual"
NA,"SPBC1348.07","manual"
NA,"SPCC191.03c","manual"
NA,"SPCC11E10.04","manual"
NA,"SPBC18A7.02c","manual"
NA,"SPAC23C11.15","manual"
NA,"SPAC4A8.04","manual"
NA,"SPBC13E7.03c","manual"
NA,"SPAC1565.07c","manual"
NA,"SPAC8C9.07","manual"
NA,"SPBCPT2R1.01c","manual"
NA,"SPCC188.07","manual"
"TCCTCCCGCCCCCGTTCATA","SPAC29B12.04","manual"
"GTATCGTTTCGGCGCCCTGC","SPCP20C8.02c","manual"
"GGGTTAACTATGCCGCAGCG","SPCP20C8.01c","manual"
"ACCGAGGAAGCGGAGGGGTA","SPCC895.07","manual"
"TTTGTGAGGCGGTGGGCGAT","SPCC663.14c","manual"
"TGCGGGAGTTGCGTAAATGG","SPCC576.12c","manual"
"GATGTCCGTGGGGTCGTCGT","SPCC553.03","manual"
"TTGTATGCGCAGCCGTGCAT","SPCC550.09","manual"
"CAGTGAGCGGCGAATAGGCAT","SPCC4G3.05c","manual"
"CTGTAGAACGCCGGCCCATGC","SPCC4F11.04c","manual"
"GGGCACTCGGCTATCGGAAA","SPCC4F11.03c","manual"
"GCTTGGCGCGGTAGAATGGG","SPCC4B3.14","manual"
"CCATCCGCATCATTCCCTCT","SPCC338.16","manual"
"TTGTACGCCAGCGCGGTATA","SPCC330.11","manual"
"AAACCGTTCGTCGCCCGATA","SPCC330.07c","manual"
"TCGCTATGCCGTGGTCCCTG","SPCC320.04c","manual"
"CATCCGCCAACCGAGCCAAC","SPCC31H12.04c","manual"
"ACACGCCCATACCCCCTTCC","SPCC285.09c","manual"
"AAGCCCGTCGGACCCCAATCC","SPCC24B10.22","manual"
"TGCTCCACATAGACCCGGCT","SPCC1919.13c","manual"
"GCATTCTCACCCACCACGGA","SPCC1919.12c","manual"
"TCCCCCACGTGGCAAAATCA","SPCC191.07","manual"
"TCCCCCTGTTGACACGCTCC","SPCC188.02","manual"
"CAGCAGAACGGGGGATGAGG","SPCC1682.07","manual"
"AACGGCAATATATCGGGCGC","SPCC1672.12c","manual"
"CCCCCTCCTGGCCTTGAATC","SPCC162.04c","manual"
"CCACTTGCCCCCTTTCCTCC","SPCC1450.08c","manual"
"TAGGCTTTCGCTCCCTCCCA","SPCC1450.06c","manual"
"CCGTTTGCCAGCGCTTCAGT","SPCC1281.08","manual"
"CCGGGAGATTTTGGCGCAGA","SPBPB2B2.07c","manual"
"GGGACGGGGGACTTGCTTTG","SPBP8B7.28c","manual"
"GCCGCGGTGCTTTCATCAGT","SPBP23A10.05","manual"
"ATCTAGGCCGCCGTAAGAGC","SPBCPT2R1.08c","manual"
"GGCAGAAGATGGACGGACGG","SPBCPT2R1.02","manual"
"CTCGCCGGTCCCCTCCTGTA","SPBC887.06c","manual"
"AATGGTGCTGCGTGCTGGGA","SPBC887.05c","manual"
"TGGTCCGCTCTTAGGGGA","SPBC83.19c","manual"
"CTCTCAACCCCCCGCCACTT","SPBC83.16c","manual"
"ACTCGGGGCGCGCTTTAATC","SPBC800.04c","manual"
"CAGCTCTTTCCGGTTGCCCC","SPBC713.05","manual"
"CTGCCACCCAAACATGCTG","SPBC6B1.10","manual"
"CAGCCGTTCTTTCCGCCACA","SPBC660.07","manual"
"CGGATCTGGGGGTAAACGCT","SPBC651.10","manual"
"CAGGGGAATACGGGAACGGC","SPBC582.05c","manual"
"AGCCCCTCCCTTCCGCATCT","SPBC4F6.15c","manual"
"ATTCCTGGTCCTCGCGGGTA","SPBC4C3.12","manual"
"TGACTGAAGGAGCGCCCGGA","SPBC428.04","manual"
"CGGTGGGGGGCAGTTCACAT","SPBC32H8.07","manual"
"GCACCTAACCGAAGCCAGCC","SPBC31F10.10c","manual"
"ATTTCATCACCACAGGCGCG","SPBC30D10.04","manual"
"CGAGAAACACGCGCCGAAGA","SPBC2D10.18","manual"
"TCGCTCCCACTGCCAATCTG","SPBC2A9.11c","manual"
"AGCGGGACGTAGGTTGCCAA","SPBC29A3.12","manual"
"CCAATCGTAACAACGCGC","SPBC29A3.11c","manual"
"TCATGTCTTCGGCGGGATTG","SPBC26H8.12","manual"
"TGTGACATTTTGGCGGACGA","SPBC25H2.16c","manual"
"GTGCGGGCGATGGTAGGTCC","SPBC25H2.15","manual"
"CCTTTAGCCCTGGACAGCCA","SPBC24C6.09c","manual"
"TCTCTCCCGTATTTGCGGCC","SPBC23E6.09","manual"
"GCGAACAGCCACCGTGACCC","SPBC21H7.04","manual"
"GCGTTCATCGGGTTTCGCAT","SPBC20F10.06","manual"
"GCGGTATTGGCCTGGACGTG","SPBC20F10.05","manual"
"CTTCCAACATGCAGCTCCCA","SPBC19G7.02","manual"
"TTCGCAGTTCGCTTCCCGC","SPBC17G9.08c","manual"
"AGCGACGCAGTCGTGTACAT","SPBC17G9.07","manual"
"TCCGGAGGCATGCAAACAAC","SPBC17A3.05c","manual"
"AGGAGGTCGGTGGGAAGCCG","SPBC1718.07c","manual"
"ATAGCTCGTCCCTCGCCCCC","SPBC1718.03","manual"
"CCCGTCCCTCCACCGAAATC","SPBC16D10.01c","manual"
"GTCCAGGGTGCGGTCCAAGG","SPBC16C6.11","manual"
"CCTTGGGGTTTGGGCGGTCT","SPBC1652.02","manual"
"ATCCGCAGCTCTCCCTCCCCT","SPBC1604.12","manual"
"TAGGATGGACGAGGCGGAGC","SPBC1604.03c","manual"
"ATGAATGGGGCCTGCGCTAG","SPBC1348.02","manual"
"CATGAACAGGAGCACCACCG","SPBC1105.04c","manual"
"CCCCCCCGTCCTGATCCTTC","SPAPJ698.02c","manual"
"GGCCCGCTTTGAGGATTTGG","SPAPB8E5.10","manual"
"TTGCAAACATCCCGGCGCTA","SPAPB8E5.08","manual"
"CTGGTCGGGAACGTGCTGTG","SPAPB8E5.02c","manual"
"TTACGCTCAGGAGCCTCTGT","SPAPB18E9.01","manual"
"ATAGTGTAGGCCCTGGGCGT","SPAPB17E12.02","manual"
"TGAGAACAACGGGAGCAGCG","SPAC977.11","manual"
"TCCATCAACCGCTGCAACGC","SPAC977.06","manual"
"GCTTTGCTGCTGATTGGGCCG","SPAC977.05c","manual"
"AGTCCACTCGCTTCCCGCTG","SPAC9.05","manual"
"GTTCCGGCGTACTCTAGCCA","SPAC8C9.19","manual"
"GCAACAAGGGGGAAGAGGCC","SPAC8C9.10c","manual"
"CCTGATTCGCACGGGCTCAT","SPAC750.08c","manual"
"GTGGATTGGGGGAGCGTGTT","SPAC6G10.11c","manual"
"GATAGTCTCCCCCCCCCGTG","SPAC6F12.09","manual"
"GGGGAGCCGCAGAGAAACGA","SPAC6B12.02c","manual"
"TGGGAACTGATCGCTGCGGG","SPAC688.11","manual"
"AGGCGGAGAAGGCGGTACTG","SPAC637.07","manual"
"GCCGCGCGTCCCATACTTTA","SPAC5H10.09c","manual"
"TGGGAGCGAAGGGAGACGAC","SPAC5H10.08c","manual"
"TGCAGCGAGTGGATGAGCCT","SPAC57A10.07","manual"
"TCATCGCCGGATGTCCAGAC","SPAC57A10.06","manual"
"GCTCGTCGCTATCCCCTCCC","SPAC56F8.04c","manual"
"GTGCACGCTCTCCAATCCCG","SPAC521.05","manual"
"TCATCGACGCGTGAGCATCC","SPAC513.06c","manual"
"AGGACAGGCGAGAAGGGACG","SPAC513.05","manual"
"TAGTCGTTTCTCGGGGGGGGG","SPAC4G8.07c","manual"
"CGAGCAGACGAGGGAGGGTG","SPAC4G8.06c","manual"
"GCGGGGCATCTTGGTTGTGA","SPAC4F10.13c","manual"
"TTGTATCAGGACCCAGCCGC","SPAC4D7.10c","manual"
"TCAATCTCCACCAACGCCCA","SPAC4C5.04","manual"
"CCCCCGTTTCTCTCCGGTTC","SPAC4C5.02c","manual"
"GAATTTGCTTGTCCCGCCCG","SPAC3H5.09c","manual"
"TTCGAACCGAGCACCCCCAG","SPAC3H1.11","manual"
"CTGGGGGTCGTCGGAGCTTC","SPAC3G9.08","manual"
"GCTGGAAAGATGCGGGATGA","SPAC328.02","manual"
"GAGCTTGGGGTGGTTGGGCC","SPAC31A2.06","manual"
"CTAGGAGGGGTCGCGTTGGA","SPAC30D11.12","manual"
"AGGAGGTGGCATGGACGGTG","SPAC30D11.02c","manual"
"TGTGGGGGCGTGGTTTCTCT","SPAC30D11.01c","manual"
"TGGTCCTCGCACTTGAGGTG","SPAC2F3.12c","manual"
"GCTCTTCCACCCACCGCTCG","SPAC2C4.08","manual"
"CAAAGCGACCGAGTACCCCC","SPAC27D7.14c","manual"
"CTTTCAACGCGGGCTGGGAT","SPAC24H6.09","manual"
"GGGGGTGAAGGGGTGGACAG","SPAC23C11.13c","manual"
"TCGGGGGTCATCAAAACGCA","SPAC23C11.06c","manual"
"GTTGCAAAGCGACGAGCGGGG","SPAC23A1.11","manual"
"CATCGAAGGCAGGAGCAGCG","SPAC22A12.02c","manual"
"ATTTGAGCGTCCGCGTGGTG","SPAC212.02","manual"
"AGGGCACGGGGAATAGGGA","SPAC212.01c","manual"
"TTGGCTGCGTCTGTTGCTGG","SPAC1F7.09c","manual"
"AACCCACGCGACAAAGGCCA","SPAC1F12.05","manual"
"TCAGTCGCTACGCAGGTCTT","SPAC19D5.11c","manual"
"ACCGCCCCTCAGGCAATACG","SPAC17G6.05c","manual"
"TCCCCGTTGTCGTCC","SPAC17A5.14","manual"
"AGGTCCGTGGAGGCAAAAAC","SPAC16E8.05c","manual"
"AAACGAATATCCGCGCGACC","SPAC16C9.02c","manual"
"GATTGCGGGCGTAGGGGAAG","SPAC16C9.01c","manual"
"ACCAGCCCCCGCATTTTTCA","SPAC1687.21","manual"
"TGCGCTGGAACTACTGGGCC","SPAC1687.14c","manual"
"CATCCTTTCCAGCGCCCCACA","SPAC167.05","manual"
"CCTATTTCGGTACTTCGGGC","SPAC15F9.01c","manual"
"AGAGCGGTCAACCTCGCATG","SPAC1420.03","manual"
"TCCATTCCAATCCATCGCCA","SPAC13G6.09","manual"
"CCTGGCCTTTCCCCTTCCCCT","SPAC1399.03","manual"
"ATTACCCCCCCCCTTTTCGG","SPAC11E3.12","manual"
"GCGGGTTGCATGTGTAGGGG","SPAC1142.07c","manual"
"GTAGCGCGTTGCCCGAGGAG","SPAC11G7.04","manual 2"
"GACGGCACGAAGATCACCCA","SPAC1556.01c","manual 2"
"TCCGGTCCAGGGCTGAGTAT","SPAC1687.23c","manual 2"
"TACGCCTTTCACCCCAACCC","SPAC16A10.05c","manual 2"
"AACGTGCACACCGCTTAGCC","SPAC16E8.18","manual 2"
"GCGGGTAAGGACGGAGAGCA","SPAC186.09","manual 2"
"GCATACACGCCCACCCGTAA","SPAC222.12c","manual 2"
"GGTGAGGGGGCGGACAGAAC","SPAC23H3.13c","manual 2"
"TGGCGGAGGCAAGACAGGAA","SPAC26A3.07c","manual 2"
"ACTATGCCACCACCCCGTGC","SPAC30D11.13","manual 2"
"TGATCCGGTGCTGCTTCGGG","SPAC328.10c","manual 2"
"GCCGTTCCCAATGTCCCCAG","SPAC607.08c","manual 2"
"GCTGGAGAAAAGACGGCGGA","SPAC664.03","manual 2"
"ACTTTGCGTGCGACTGGATC","SPAC977.14c","manual 2"
"CGCCACGGTTGGTCTACAGT","SPAPB17E12.03","manual 2"
"AACGGAGCGCCAGCTAGAAG","SPAPB17E12.04c","manual 2"
"CGGTATTGGGAAGCGGCAGA","SPBC1348.14c","manual 2"
"CCATTCCCGCTTCATCTCGC","SPBC146.12","manual 2"
"GTGGGGAAAGATCTGGGCGC","SPBC16C6.02c","manual 2"
"TTTTCCCCCTGCGGCCGCTAC","SPBC1734.13","manual 2"
"AGAGCGTTTGCAGCCGGAAA","SPBC1778.04","manual 2"
"GGGAATGAGCGCTAGTGGCA","SPBC31F10.14c","manual 2"
"CCCGCGGAAAGGAACCAATG","SPBC32H8.11","manual 2"
"AAAGAACAAGTGGCCCGCGG","SPBC337.07c","manual 2"
"TCGTTGGTCCGGTGAGTGGC","SPBC6B1.04","manual 2"
"TATGTATGCTGCGGGGACGG","SPBP22H7.08","manual 2"
"CACGGGGAATGAAGGCGCTG","SPBP8B7.13","manual 2"
"GAGCCTGTCACAATGCCGAC","SPBPB21E7.01c","manual 2"
"GCTGTGCGTTTTGCTGGTG","SPBPB2B2.13","manual 2"
"CCCGGTTCCCAACGCTTTTA","SPCC1259.13","manual 2"
"CGCAAGGAAAGGAAATCGCC","SPCC1840.06","manual 2"
"GAGATGTGGCGGGTAGGGCG","SPCC1919.10c","manual 2"
"CGATTGTGTCCGGCTGCTGA","SPCC306.09c","manual 2"
"TCGCCAGCTAAACCCCCGG","SPCC4B3.17","manual 2"
"CGTCTTTCGTGACCCCTCCG","SPCC4F11.02","manual 2"
"AGCGGAACGGAGGTGGACGG","SPCC548.05c","manual 2"
"CATTTCGTCAGTGGCGGCGT","SPCC663.04","manual 2"
"CACAACCATCGCAACCACCG","SPCC736.07c","manual 2"
"TCCTGGCGAGCTGCGTTTCA","SPCP31B10.03c","manual 2"
"ACTAAGGTAAGGCGCGGAGC","SPCC794.02","manual 2"
"CACACGATGAAGAGCCCGCA","SPCC777.10c","manual 2"
"TGATATAACGGGTGCGGCGG","SPCC569.01c","manual 2"
"AGGGTCGGTCATACTGGCGG","SPCC417.02","manual 2"
"ACCCGTGCCGCTCTCTTTCC","SPCC1906.04","manual 2"
"ATGTATGGGCGGCGGAGGAA","SPCC18.06c","manual 2"
"GAGGTTCCCGTGGACGCATT","SPCC1223.15c","manual 2"
"CGGTAGGCGTCAAGGCATCA","SPBC428.05c","manual 2"
"CAACGGGTAGGGGGGTAAA","SPBC23E6.01c","manual 2"
"GACGCCAACACTGCCACCCC","SPBC1A4.09","manual 2"
"ACGCGGTGCCAAGTCCTCAA","SPAPB1E7.02c","manual 2"
"GCCGCCAGATTCACCAAGCC","SPAC22F8.12c","manual 2"
"TACCCCCGCCCTCAACCTCC","SPAC1F5.10","manual 2"
"TTTACTCCCCGTCTGCCTCC","SPAC14C4.14","manual 2"
"TCAACTGGACCCCCCGCAAT","SPBC16H5.03c","manual 2"
"ACCGAAACCCGTAGCATCCG","SPAC25G10.06","manual 2"
"ACCCCACGCCCACGAGTTGT","SPAC343.11c","manual 2"
"GACCCCCGTTCTCCTGCTCC","SPAC3F10.06c","manual 2"
"GTGAACGGCCCCTGGTCTTG","SPBC19G7.04","manual 2"
"CGAGACCAACGCCCACCTTT","SPCC663.13c","manual 2"
"GAGGTACATGGCGCGAAGC","SPAC1F12.04c","manual 2"
"CGCCATTAACCACCCCCAGT","SPAC13C5.02","manual 2"
"CCTTCGGAAATCCCCGGCAC","SPBC1306.02","manual 2"
"CCCTGTCCAACGTCGCCAAA","SPBC16C6.01c","manual 2"
"TATGTCGCCTGGGCCATTCCG","SPAC2G11.09","manual 2"
"CTCGAAGGGACACAAGGCGC","SPBC32H8.01c","manual 2"
"CCACCCTGATTCCCAACCGA","SPBC887.18c","manual 2"
"ATCCGCGGCCCTCCCTCCCT","SPBC1604.11","manual 2"
"TAGCGCCCCCGATCCTTGAG","SPBP8B7.05c","manual 2"
"AAGCGGGGGGTCGAGTTGTG","SPAC13G6.14","manual 2"
